max_depth, cross_val_score, train_score, test_score
1,0.795625874519, 0.806666666667, 0.88
2,0.801635362727, 0.817777777778, 0.9
3,0.773978817498, 0.842222222222, 0.92
4,0.75800997845, 0.86, 0.96
5,0.716553809072, 0.895555555556, 0.9
6,0.729739865796, 0.92, 0.94
7,0.7053304021, 0.953333333333, 0.94
8,0.705279743849, 0.973333333333, 0.94
9,0.694012572643, 0.986666666667, 0.9
10,0.687392019283, 0.991111111111, 0.9
